Measure,Value
BrainSegVol,1229409.000000
lhCortexVol,265656.099608
rhCortexVol,260646.253991
CortexVol,526302.353599
TotalGrayVol,711399.353599
MaskVol,1632730.000000
BrainSegVol-to-eTIV,0.830983
MaskVol-to-eTIV,1.103596
eTIV,1479463.339140
